,wins_home,losses,srs,ft,stl,win_loss_pct,pf,wins_visitor,mp,fga,fta,fg3_pct,fg,trb,losses_conf,sos,school_name,fg3,pts,orb,fg_pct,ast,wins_conf,losses_visitor,wins,ft_pct,fg3a,blk,opp_pts,tov,g,losses_home
0,9,16,-11.86,360,210,.448,631,4,1180,1555,543,.376,721,904,11,-7.10,Abilene Christian,207,2009,222,.464,408,7,11,13,.663,550,83,2073,412,29,5
1,11,21,-3.06,513,197,.364,594,0,1335,1876,715,.363,817,1149,14,1.00,Air Force,264,2411,310,.436,494,4,11,12,.717,728,57,2477,390,33,7
2,13,9,3.59,508,198,.750,653,7,1440,2035,744,.372,949,1246,4,-1.21,Akron,366,2772,357,.466,517,14,6,27,.683,984,118,2550,422,36,2
3,11,15,11.29,487,200,.559,664,5,1380,1909,746,.317,809,1327,8,7.47,Alabama,225,2330,418,.424,390,10,6,19,.653,710,141,2200,474,34,6
4,1,27,-26.99,411,100,.069,526,1,1175,1549,614,.280,628,914,16,-11.09,Alabama A&M,125,1794,299,.405,326,2,18,2,.669,447,50,2255,384,29,9
5,6,23,-19.75,404,150,.258,629,1,1260,1834,634,.297,719,1188,12,-10.75,Alabama State,200,2042,427,.392,300,6,17,8,.637,674,98,2305,488,31,5
6,11,14,-0.16,490,178,.600,617,9,1400,1941,647,.372,907,1257,6,-4.69,Albany (NY),192,2496,379,.467,444,10,8,21,.757,516,60,2301,416,35,5
7,11,14,-12.33,399,209,.563,610,6,1285,1866,612,.332,800,1243,5,-10.95,Alcorn State,222,2221,387,.429,425,13,11,18,.652,669,115,2175,452,32,2
8,4,22,-10.30,293,209,.267,548,4,1205,1542,474,.318,692,868,13,-3.50,American,168,1845,204,.449,339,5,11,8,.618,529,73,2049,396,30,11
9,8,21,-8.67,459,167,.300,641,1,1205,1781,674,.338,749,1126,14,-1.60,Appalachian State,251,2208,339,.421,414,4,14,9,.681,742,91,2279,414,30,6
10,15,5,18.25,635,201,.865,625,9,1480,2048,830,.390,977,1358,2,7.63,Arizona,244,2833,380,.477,501,16,1,32,.765,625,119,2440,413,37,1
11,9,18,4.02,489,194,.455,556,4,1325,2047,653,.366,888,1075,11,7.11,Arizona State,328,2593,304,.434,430,7,6,15,.749,896,106,2695,344,33,7
12,15,10,14.04,628,278,.722,739,6,1440,2165,825,.365,997,1298,6,8.60,Arkansas,233,2855,401,.461,497,12,5,26,.761,638,170,2659,428,36,3
13,12,12,0.87,474,172,.625,652,7,1285,1792,743,.380,826,1169,7,-2.10,Arkansas State,220,2346,352,.461,397,11,9,20,.638,579,83,2211,414,32,1
14,6,25,-22.81,379,279,.219,718,1,1305,1725,581,.335,695,1013,12,-10.28,Arkansas-Pine Bluff,208,1977,335,.403,334,6,19,7,.652,621,93,2320,578,32,6
15,9,19,-5.84,349,178,.406,620,4,1295,1906,533,.353,842,1213,12,-4.10,Army,291,2324,317,.442,520,6,10,13,.655,825,61,2340,483,32,8
16,10,14,8.17,562,234,.563,668,6,1290,1969,836,.366,861,1171,11,7.33,Auburn,289,2573,369,.437,416,7,6,18,.672,789,162,2546,434,32,5
17,5,19,-11.00,492,171,.367,547,4,1215,1718,695,.355,806,913,9,-2.32,Austin Peay,227,2331,245,.469,324,7,11,11,.708,640,73,2515,373,30,8
18,11,13,-1.45,500,203,.618,658,7,1380,2014,696,.379,929,1281,7,-3.57,Ball State,319,2677,335,.461,529,11,7,21,.718,841,118,2567,496,34,5
19,15,8,19.75,478,180,.771,617,6,1400,1956,661,.359,921,1329,6,11.87,Baylor,230,2550,451,.471,544,12,4,27,.723,641,166,2228,469,35,2
20,12,7,4.28,400,131,.767,531,11,1205,1703,521,.342,798,1057,1,-1.69,Belmont,306,2302,254,.469,481,15,4,23,.768,895,80,2078,380,30,1
21,7,22,-19.44,367,245,.313,644,2,1315,2022,554,.320,840,1135,10,-11.21,Bethune-Cookman,228,2275,397,.415,448,6,13,10,.662,712,96,2490,413,32,7
22,7,20,-11.99,391,167,.375,545,4,1285,1757,555,.362,768,1055,13,-5.79,Binghamton,248,2175,251,.437,410,3,13,12,.705,685,78,2270,397,32,7
23,11,12,5.52,529,158,.625,662,8,1280,1802,743,.348,811,1139,6,2.72,Boise State,253,2404,309,.450,387,12,7,20,.712,726,77,2278,409,32,3
24,8,23,2.20,378,179,.281,597,0,1280,1880,556,.374,843,1119,16,8.08,Boston College,256,2320,292,.448,473,2,9,9,.680,685,87,2508,467,32,10
25,11,14,-2.43,431,265,.563,610,6,1300,1844,619,.354,817,1141,6,-3.66,Boston University,274,2339,321,.443,449,12,9,18,.696,773,81,2264,444,32,5
26,10,19,-6.00,471,221,.406,623,3,1295,1957,706,.342,832,1153,11,-2.00,Bowling Green State,220,2355,353,.425,390,7,12,13,.667,644,87,2453,408,32,7
27,8,20,-2.84,484,203,.394,672,3,1325,1722,719,.356,731,1156,11,2.94,Bradley,217,2163,297,.425,372,7,10,13,.673,609,118,2333,499,33,7
28,14,12,8.22,637,224,.647,657,5,1360,2057,869,.344,937,1418,6,1.87,Brigham Young,230,2741,363,.456,534,12,4,22,.733,668,156,2525,469,34,4
29,9,17,-8.55,561,228,.433,597,4,1200,1660,739,.367,735,933,10,-4.08,Brown,244,2275,275,.443,399,4,8,13,.759,665,56,2338,430,30,7
30,9,20,-9.69,458,218,.375,680,2,1315,1917,636,.338,839,1148,9,-5.43,Bryant,237,2373,345,.438,460,9,15,12,.720,701,69,2478,428,32,5
31,14,9,5.89,497,252,.743,655,9,1400,1961,730,.379,942,1203,3,-2.48,Bucknell,286,2669,302,.480,510,15,6,26,.681,754,134,2376,466,35,2
32,8,15,0.92,492,181,.531,735,8,1285,1945,711,.330,877,1295,7,-1.01,Buffalo,240,2486,397,.451,459,11,7,17,.692,727,127,2375,453,32,4
33,13,9,17.70,522,206,.735,640,7,1370,1898,704,.366,906,1091,6,10.23,Butler,261,2595,287,.477,453,12,4,25,.741,714,96,2341,346,34,3
34,6,20,-10.71,372,162,.355,574,5,1250,1800,534,.340,726,1003,10,-4.22,Cal Poly,258,2082,300,.403,322,6,11,11,.697,758,113,2242,333,31,6
35,12,10,3.21,483,286,.714,794,11,1425,2035,755,.351,895,1349,2,-1.94,Cal State Bakersfield,229,2502,432,.440,507,12,6,25,.640,652,137,2235,519,35,1
36,12,15,-7.55,513,223,.531,666,4,1315,1850,747,.311,821,1196,6,-6.85,Cal State Fullerton,196,2351,348,.444,387,10,8,17,.687,631,117,2280,465,32,4
37,7,19,-8.34,584,207,.367,638,4,1200,1747,801,.349,806,1052,9,-4.13,Cal State Northridge,145,2341,295,.461,411,7,8,11,.729,415,90,2440,399,30,7
38,15,13,11.11,476,165,.618,656,3,1380,1911,720,.340,807,1323,8,6.34,California,226,2316,394,.422,409,10,6,21,.661,664,155,2154,428,34,4
39,11,18,-9.68,541,244,.514,662,6,1490,1992,720,.368,909,1219,11,-7.59,Campbell,294,2653,291,.456,432,7,9,19,.751,798,151,2605,476,37,8
40,7,16,-2.82,470,230,.529,659,9,1370,2066,639,.371,943,1120,10,-3.50,Canisius,309,2665,364,.456,601,10,8,18,.736,832,64,2642,446,34,7
41,5,24,-13.04,493,178,.250,606,3,1295,1910,687,.375,836,1151,11,-3.76,Central Arkansas,230,2395,337,.438,465,7,16,8,.718,613,84,2692,446,32,6
42,3,23,-17.51,331,166,.207,539,3,1170,1602,534,.349,675,966,14,-7.68,Central Connecticut State,146,1827,332,.421,341,4,14,6,.620,418,68,2112,413,29,9
43,15,12,9.58,501,144,.667,548,6,1445,1898,758,.352,825,1471,7,3.69,Central Florida,263,2414,389,.435,400,11,6,24,.661,748,145,2202,525,36,3
44,10,16,-5.76,603,181,.500,612,5,1295,2153,762,.358,912,1244,12,-2.63,Central Michigan,399,2826,364,.424,362,6,9,16,.791,1115,93,2807,362,32,5
45,9,19,-12.28,428,176,.387,620,3,1255,1868,643,.341,824,1092,11,-6.21,Charleston Southern,228,2304,336,.441,341,7,12,12,.666,669,89,2343,358,31,6
46,10,17,-5.24,458,190,.433,578,3,1205,1803,614,.376,800,979,11,-0.93,Charlotte,237,2295,224,.444,361,7,9,13,.746,630,94,2407,366,30,5
47,11,12,1.10,481,241,.613,570,7,1245,1718,677,.346,801,1005,8,-2.08,Chattanooga,231,2314,322,.466,377,10,7,19,.710,667,145,2132,413,31,3
48,3,26,-16.67,399,215,.188,616,2,1300,1923,569,.311,739,1123,13,-0.19,Chicago State,212,2089,344,.384,360,1,17,6,.701,681,68,2511,440,32,7
49,18,6,18.43,472,261,.833,566,8,1450,2116,688,.346,969,1328,2,5.49,Cincinnati,264,2674,437,.458,557,16,3,30,.686,764,173,2208,361,36,0
50,11,16,13.22,487,235,.515,501,3,1325,1939,666,.357,871,1124,12,9.98,Clemson,239,2468,365,.449,414,6,7,17,.731,669,130,2361,354,33,6
51,5,22,-6.73,374,221,.290,636,2,1260,1838,541,.309,745,1024,13,-1.53,Cleveland State,219,2083,339,.405,327,5,14,9,.691,709,94,2222,405,31,6
52,15,19,-3.94,473,237,.513,709,3,1570,2416,719,.330,1021,1571,8,-1.48,Coastal Carolina,318,2833,479,.423,467,10,12,20,.658,963,109,2858,508,39,6
53,4,22,-8.47,384,164,.313,603,6,1305,1693,567,.370,745,1037,10,-3.60,Colgate,271,2145,263,.440,414,8,12,10,.677,732,82,2273,470,32,8
54,12,10,3.99,588,194,.714,604,10,1405,1862,799,.328,804,1194,4,-0.19,College of Charleston,220,2416,302,.432,355,14,5,25,.736,670,117,2260,364,35,2
55,13,15,9.12,542,172,.559,632,4,1370,1993,770,.348,888,1276,10,6.00,Colorado,250,2568,403,.446,474,8,9,19,.704,718,146,2455,410,34,4
56,15,12,6.03,596,218,.667,618,7,1440,2070,815,.339,879,1374,5,2.17,Colorado State,257,2611,410,.425,397,13,5,24,.731,758,123,2447,392,36,5
57,7,16,-5.67,329,190,.407,506,4,1090,1603,465,.361,700,941,9,-3.13,Columbia,211,1940,273,.437,418,5,10,11,.708,584,79,1964,347,27,6
58,8,17,7.23,441,146,.485,575,4,1330,1809,619,.355,778,1209,9,6.61,Connecticut,223,2220,336,.430,432,9,8,16,.712,628,177,2189,402,33,6
59,5,24,-21.51,484,182,.250,664,3,1290,1846,745,.318,705,1115,9,-8.01,Coppin State,225,2119,367,.382,335,7,16,8,.650,708,72,2521,440,32,6
60,3,21,-8.40,338,150,.276,529,4,1165,1646,484,.339,746,976,10,-1.55,Cornell,244,2074,219,.453,417,4,12,8,.698,720,78,2238,419,29,8
61,13,10,17.27,404,213,.714,582,7,1400,2137,592,.397,1078,1223,8,8.95,Creighton,304,2864,289,.504,598,10,4,25,.682,766,102,2549,435,35,4
62,3,20,-11.15,351,124,.259,493,4,1085,1463,495,.352,631,917,10,-3.45,Dartmouth,199,1812,249,.431,301,4,11,7,.709,565,48,2020,401,27,9
63,8,15,6.45,442,163,.531,583,5,1290,1861,587,.341,814,1149,10,4.26,Davidson,292,2362,285,.437,499,8,7,17,.753,856,106,2292,390,32,5
64,15,8,12.98,530,249,.750,601,7,1285,1763,768,.385,820,1097,3,4.27,Dayton,258,2428,277,.465,500,15,3,24,.690,671,128,2126,376,32,1
65,9,20,-9.97,411,176,.394,625,3,1325,1838,599,.305,775,1159,13,-1.42,Delaware,196,2157,322,.422,385,5,12,13,.686,643,102,2381,396,33,5
66,4,22,-18.81,359,177,.313,608,6,1295,1865,545,.362,782,1057,9,-9.37,Delaware State,263,2186,348,.419,429,7,14,10,.659,727,89,2399,436,32,7
67,8,14,-2.99,428,150,.533,603,7,1210,1684,583,.402,811,1058,8,-4.19,Denver,223,2275,273,.482,452,8,8,16,.734,555,64,2239,404,30,5
68,8,23,2.09,472,213,.281,635,1,1285,1804,642,.326,775,1057,16,7.78,DePaul,184,2206,339,.430,366,2,9,9,.735,564,92,2388,451,32,10
69,5,23,-10.72,476,203,.258,741,3,1255,1867,717,.372,830,1036,12,-1.62,Detroit Mercy,251,2387,320,.445,398,6,13,8,.664,675,78,2630,451,31,9
70,6,24,-4.71,418,188,.226,563,1,1255,1856,553,.345,760,1070,13,1.91,Drake,270,2208,311,.409,404,5,11,7,.756,782,75,2390,389,31,9
71,5,23,-7.43,411,187,.281,644,4,1300,1987,617,.345,865,1177,15,-2.56,Drexel,256,2397,380,.435,470,3,14,9,.666,741,98,2508,425,32,8
72,15,9,21.56,642,226,.757,675,4,1480,2144,842,.378,1019,1341,7,10.91,Duke,311,2991,390,.475,484,11,6,28,.762,822,172,2597,421,37,1
73,8,22,-3.06,460,157,.313,593,1,1280,1835,680,.334,785,1167,15,0.69,Duquesne,226,2256,343,.428,401,3,10,10,.676,677,127,2376,454,32,10
74,12,18,-0.49,442,168,.455,550,1,1320,1797,673,.320,716,1252,12,1.33,East Carolina,214,2088,370,.398,394,6,11,15,.657,668,171,2148,459,33,5
75,13,8,7.31,597,293,.771,698,8,1415,1967,850,.382,960,1269,4,-2.11,East Tennessee State,265,2782,357,.488,516,14,5,27,.702,693,162,2438,519,35,2
76,8,15,-5.35,366,198,.483,559,6,1195,1852,501,.372,772,1081,10,-5.05,Eastern Illinois,259,2169,347,.417,444,6,9,14,.731,696,119,2083,370,29,6
77,8,19,-8.65,462,185,.387,619,3,1265,1751,655,.321,750,1018,11,-2.44,Eastern Kentucky,235,2197,286,.428,422,5,12,12,.705,733,113,2330,432,31,6
78,10,17,-0.18,519,317,.485,704,5,1330,2046,716,.343,918,1201,11,0.16,Eastern Michigan,211,2566,420,.449,443,7,10,16,.725,616,144,2409,399,33,6
79,15,12,-2.77,520,158,.647,679,6,1410,1975,675,.379,947,1196,5,-4.43,Eastern Washington,281,2695,309,.479,421,13,10,22,.770,741,162,2592,415,34,1
80,10,14,0.24,395,165,.563,532,6,1310,1911,577,.355,850,1209,8,-1.39,Elon,308,2403,291,.445,466,10,8,18,.685,868,73,2292,374,32,4
81,13,17,1.45,561,172,.485,659,2,1335,1762,787,.366,800,1136,12,2.42,Evansville,127,2288,298,.454,442,6,9,16,.713,347,99,2261,389,33,4
82,7,15,-4.75,345,166,.516,567,8,1250,1859,506,.335,822,1115,9,-3.85,Fairfield,262,2251,275,.442,464,11,8,16,.682,782,92,2279,416,31,6
83,7,19,-9.28,474,189,.367,637,3,1205,1713,620,.332,754,993,9,-5.31,Fairleigh Dickinson,201,2183,291,.440,366,9,14,11,.765,606,78,2250,398,30,4
84,9,9,22.40,620,272,.750,661,8,1455,2118,851,.358,953,1331,4,11.01,Florida,278,2804,416,.450,450,14,4,27,.729,776,167,2394,431,36,1
85,4,23,-20.88,442,197,.233,568,3,1220,1800,671,.348,762,1047,11,-11.85,Florida A&M,187,2153,305,.423,379,5,11,7,.659,538,99,2365,407,30,10
86,5,20,-7.95,392,171,.333,570,5,1215,1838,558,.319,756,1066,12,-1.98,Florida Atlantic,204,2108,316,.411,369,6,8,10,.703,639,93,2221,348,30,9
87,16,8,2.26,466,207,.765,635,10,1370,2017,664,.347,1007,1269,2,-3.42,Florida Gulf Coast,221,2701,379,.499,527,12,3,26,.702,636,116,2356,421,34,3
88,6,24,-8.10,387,185,.226,570,1,1270,1773,516,.332,805,1051,15,-3.27,Florida International,181,2178,315,.454,346,3,13,7,.750,545,67,2282,413,31,9
89,18,9,18.87,568,259,.743,684,3,1400,2146,824,.347,1036,1324,6,8.87,Florida State,233,2873,409,.483,511,12,6,26,.689,671,180,2523,415,35,0
90,8,19,-1.97,344,314,.406,611,5,1300,1783,474,.334,741,913,11,1.36,Fordham,264,2090,261,.416,429,7,8,13,.726,791,91,2167,418,32,9
91,13,13,4.37,513,277,.606,718,6,1350,1872,763,.352,852,1175,7,2.31,Fresno State,209,2426,314,.455,414,11,10,20,.672,593,127,2315,444,33,2
92,11,12,1.46,435,245,.657,613,12,1410,1941,624,.385,918,1211,4,-3.75,Furman,319,2590,317,.473,524,14,8,23,.697,828,82,2319,451,35,3
93,9,14,-3.08,511,291,.576,670,8,1345,1905,819,.379,913,1259,7,-5.71,Gardner-Webb,209,2546,372,.479,486,11,8,19,.624,552,118,2319,474,33,5
94,10,14,3.01,579,169,.588,570,7,1385,1962,775,.336,879,1370,9,1.28,George Mason,182,2519,381,.448,398,9,5,20,.747,542,96,2437,440,34,7
95,14,15,2.37,529,192,.571,541,5,1400,1938,710,.371,821,1279,8,2.11,George Washington,276,2447,394,.424,466,10,8,20,.745,743,136,2438,453,35,3
96,9,18,11.18,547,175,.438,672,3,1290,1752,746,.349,808,1142,13,9.31,Georgetown,206,2369,305,.461,480,5,7,14,.733,590,147,2309,454,32,8
97,12,15,11.13,588,182,.559,632,5,1370,1903,777,.325,836,1259,9,10.28,Georgia,175,2435,330,.439,429,9,7,19,.757,538,126,2393,444,34,6
98,10,15,-3.63,507,224,.545,641,6,1325,1909,763,.362,841,1147,7,-2.83,Georgia Southern,303,2492,320,.441,342,11,11,18,.664,837,102,2420,388,33,4
99,11,13,-0.33,426,236,.606,673,6,1325,1888,658,.357,885,1174,6,-2.17,Georgia State,246,2442,334,.469,399,12,9,20,.647,690,140,2312,463,33,3
100,16,16,7.82,505,245,.568,592,3,1485,2079,740,.331,910,1330,10,8.21,Georgia Tech,171,2496,356,.438,570,8,10,21,.682,516,221,2472,494,37,4
101,15,2,25.26,638,265,.949,660,10,1560,2280,890,.382,1149,1587,1,4.13,Gonzaga,286,3222,378,.504,595,17,0,37,.717,749,183,2398,448,39,1
102,11,17,-17.29,495,292,.485,658,4,1340,1943,747,.317,841,1108,8,-11.89,Grambling,184,2361,398,.433,368,10,12,16,.663,581,76,2412,450,33,2
103,15,9,-0.16,497,233,.710,539,5,1250,1812,747,.331,790,1166,3,-4.22,Grand Canyon,205,2282,335,.436,423,11,6,22,.665,619,79,2103,397,31,3
104,10,14,-2.77,542,247,.563,632,7,1295,2061,787,.322,913,1312,6,-2.83,Green Bay,197,2565,387,.443,446,12,9,18,.689,612,133,2479,448,32,3
105,9,17,-13.23,451,152,.452,633,5,1250,1844,633,.316,751,1143,5,-9.92,Hampton,196,2149,371,.407,364,11,11,14,.712,620,113,2219,435,31,4
106,6,23,-15.85,413,228,.281,603,3,1295,1814,591,.338,730,1046,12,-5.56,Hartford,263,2136,292,.402,367,4,15,9,.699,777,118,2465,462,32,8
107,11,10,2.30,385,176,.643,531,7,1120,1564,518,.355,699,1005,4,-2.24,Harvard,229,2012,284,.447,403,10,5,18,.743,645,133,1842,359,28,3
108,11,16,-6.19,432,150,.467,570,3,1210,1650,604,.325,698,966,8,-4.92,Hawaii,214,2042,287,.423,418,8,5,14,.715,658,57,2048,414,30,8
109,8,16,-9.06,473,184,.484,539,7,1260,1693,636,.377,732,1088,9,-6.28,High Point,196,2133,307,.432,389,9,7,15,.744,520,96,2136,407,31,8
110,7,17,-2.35,490,142,.469,544,6,1290,1908,716,.367,846,1164,11,-1.90,Hofstra,291,2473,371,.443,419,7,7,15,.684,792,82,2454,341,32,7
111,9,17,-5.26,370,302,.469,515,6,1285,1552,534,.345,663,811,9,-3.51,Holy Cross,236,1932,189,.427,426,9,12,15,.693,685,76,1988,351,32,5
112,12,11,12.20,390,170,.656,601,6,1285,1902,544,.394,850,1138,6,3.42,Houston,268,2358,362,.447,406,12,5,21,.717,681,113,2077,315,32,4
113,13,14,-7.30,504,195,.548,597,4,1240,1924,721,.340,871,1199,6,-4.44,Houston Christian,195,2441,425,.453,457,12,12,17,.699,574,81,2398,410,31,1
114,6,24,-16.97,547,179,.294,636,2,1360,1856,833,.291,723,1257,11,-7.97,Howard,172,2163,420,.390,307,5,16,10,.657,591,126,2433,500,34,6
115,12,14,-5.34,539,164,.576,697,6,1350,1870,746,.367,809,1213,6,-5.89,Idaho,255,2412,362,.433,422,12,10,19,.723,694,81,2346,421,33,3
116,4,26,-15.10,443,224,.161,578,1,1250,1708,648,.359,742,921,15,-3.37,Idaho State,237,2164,233,.434,316,3,16,5,.684,660,73,2486,400,31,7
117,14,15,10.54,442,197,.571,641,3,1405,2019,643,.369,898,1217,10,9.25,Illinois,270,2508,342,.445,472,8,7,20,.687,731,83,2417,433,35,5
118,16,7,10.30,394,250,.800,620,9,1405,1972,593,.369,865,1293,1,2.71,Illinois State,294,2418,369,.439,483,17,4,28,.664,797,170,2146,427,35,1
119,10,19,-5.95,599,197,.472,678,5,1455,2113,843,.365,939,1429,11,-3.63,Illinois-Chicago,272,2749,422,.444,524,7,9,17,.711,746,183,2754,589,36,8
120,10,17,-12.14,507,168,.414,583,2,1165,1617,731,.388,736,950,11,-5.62,Incarnate Word,233,2212,229,.455,362,7,12,12,.694,601,136,2320,391,29,5
121,14,16,14.63,498,209,.529,682,2,1390,2004,683,.380,959,1328,11,8.16,Indiana,295,2711,413,.479,488,7,8,18,.729,776,157,2491,517,34,4
122,8,20,-1.02,392,204,.355,660,3,1275,1832,576,.349,762,1111,13,3.18,Indiana State,254,2170,263,.416,417,5,10,11,.681,727,126,2255,396,31,6
123,8,13,1.08,513,239,.629,669,7,1415,2155,668,.397,979,1250,8,-2.47,Iona,342,2813,337,.454,541,12,7,22,.768,862,108,2689,421,35,4
124,15,15,10.01,510,252,.559,608,3,1395,2121,741,.379,964,1306,8,7.54,Iowa,300,2738,408,.455,602,10,7,19,.688,791,130,2654,472,34,5
125,12,11,20.51,423,272,.686,557,5,1425,2186,604,.400,1031,1219,6,11.94,Iowa State,344,2829,318,.472,553,12,6,24,.700,860,124,2529,355,35,3
126,8,18,-4.29,446,217,.438,655,5,1290,1957,653,.388,883,1104,9,-1.62,IUPUI,288,2500,348,.451,455,7,13,14,.683,743,87,2517,401,32,4
127,10,18,-15.42,417,197,.438,648,4,1290,1860,619,.299,716,1162,8,-11.55,Jackson State,218,2067,425,.385,350,10,13,14,.674,730,83,2142,390,32,4
128,7,16,-10.21,474,265,.515,620,8,1325,1885,644,.403,878,1081,9,-8.45,Jacksonville,327,2557,302,.466,445,5,9,17,.736,812,63,2477,424,33,7
129,5,15,-2.85,462,157,.571,628,10,1410,1869,647,.377,857,1244,7,-3.24,Jacksonville State,258,2434,355,.459,493,9,9,20,.714,685,134,2378,477,35,5
130,6,23,-5.64,446,194,.303,665,3,1335,1733,622,.331,770,1133,11,-1.83,James Madison,208,2194,310,.444,385,7,13,10,.717,629,89,2299,467,33,9
131,14,5,23.53,535,250,.861,639,10,1455,2193,789,.404,1071,1393,2,12.23,Kansas,318,2995,428,.488,584,16,1,31,.678,787,162,2588,456,36,1
132,12,17,-4.97,554,236,.514,772,4,1405,2076,777,.371,911,1213,6,-1.06,Kansas City,315,2691,352,.439,451,8,10,18,.713,848,92,2753,510,35,5
133,11,14,14.80,538,271,.600,630,5,1405,1883,775,.362,869,1132,10,10.48,Kansas State,247,2523,330,.461,521,8,6,21,.694,683,130,2372,453,35,5
134,8,18,-8.44,411,163,.438,613,6,1280,1932,595,.416,892,1146,7,-5.97,Kennesaw State,206,2401,358,.462,507,7,13,14,.691,495,95,2456,431,32,5
135,10,14,0.88,543,230,.611,685,7,1465,2302,755,.320,986,1454,8,-1.63,Kent State,257,2772,539,.428,449,10,5,22,.719,803,134,2628,465,36,6
136,15,6,23.88,690,229,.842,716,7,1525,2396,980,.353,1134,1512,2,10.49,Kentucky,267,3225,470,.473,585,16,3,32,.704,757,200,2716,443,38,2
137,11,15,1.91,489,191,.500,559,4,1220,1666,638,.364,761,973,9,2.94,La Salle,255,2266,249,.457,425,9,8,15,.766,700,64,2297,393,30,4
138,5,21,-14.68,350,148,.300,514,4,1205,1655,492,.334,712,956,13,-3.50,Lafayette,221,1995,205,.430,378,5,11,9,.711,662,85,2282,436,30,10
139,12,15,-7.36,544,271,.559,733,6,1375,1977,813,.362,907,1189,8,-7.93,Lamar,265,2623,389,.459,481,10,11,19,.669,732,95,2434,455,34,3
140,12,12,1.54,448,215,.625,539,8,1295,1788,580,.392,857,1100,6,-3.30,Lehigh,270,2432,232,.479,467,12,10,20,.772,689,99,2261,450,32,2
141,14,14,-5.51,454,229,.600,670,7,1415,1787,612,.359,779,990,4,-6.16,Liberty,319,2331,173,.436,453,14,8,21,.742,888,65,2220,363,35,5
142,11,13,-1.55,586,218,.606,702,9,1325,1978,811,.366,939,1213,3,-4.45,Lipscomb,340,2804,340,.475,599,11,6,20,.723,928,104,2562,500,33,5
143,9,17,-6.07,431,183,.469,591,4,1290,1749,582,.346,775,1058,12,-3.80,Little Rock,207,2188,305,.443,379,6,9,15,.741,599,120,2185,412,32,6
144,10,19,-5.98,543,199,.441,682,3,1385,2035,750,.351,895,1212,7,-0.60,Long Beach State,216,2549,396,.440,447,9,15,15,.724,616,92,2666,488,34,2
145,8,12,-7.80,488,186,.625,641,9,1295,1846,710,.345,803,1242,5,-8.51,Long Island University,184,2278,423,.435,350,13,6,20,.687,534,107,2218,460,32,5
146,5,24,-21.23,356,175,.200,539,1,1200,1660,487,.327,738,922,15,-6.16,Longwood,186,2018,218,.445,324,3,15,6,.731,568,124,2408,456,30,9
147,12,12,-0.64,583,233,.636,621,8,1325,2022,839,.343,945,1252,8,-3.28,Louisiana,231,2704,442,.467,475,10,7,21,.695,673,91,2518,440,33,4
148,8,21,0.53,417,186,.323,593,1,1240,1893,599,.336,853,1115,16,8.69,Louisiana State,196,2319,355,.451,397,2,10,10,.696,584,110,2572,451,31,8
149,15,10,5.20,478,223,.697,519,6,1325,1952,674,.361,911,1244,4,-4.35,Louisiana Tech,257,2557,335,.467,543,14,7,23,.709,711,176,2203,407,33,2
150,6,24,-7.88,333,154,.273,576,2,1350,1916,498,.332,814,1174,16,-2.56,Louisiana-Monroe,237,2198,349,.425,443,2,12,9,.669,713,73,2299,433,33,8
151,16,9,22.47,486,227,.735,652,5,1370,2085,708,.355,952,1343,6,11.15,Louisville,238,2628,457,.457,461,12,5,25,.686,670,186,2243,374,34,1
152,13,14,5.15,385,218,.563,545,3,1300,1754,543,.389,852,1000,10,1.02,Loyola (IL),259,2348,218,.486,474,8,9,18,.709,665,76,2137,377,32,3
153,10,17,-6.32,492,240,.485,636,6,1330,1791,711,.329,753,1113,10,-3.60,Loyola (MD),177,2175,382,.420,385,8,11,16,.692,538,113,2249,496,33,4
154,10,15,-0.47,338,228,.500,610,5,1205,1755,545,.353,779,1022,10,1.60,Loyola Marymount,217,2113,332,.444,444,8,7,15,.620,614,120,2125,395,30,7
155,4,25,-16.33,365,165,.219,562,3,1280,1852,558,.319,746,1122,13,-4.01,Maine,212,2069,325,.403,377,3,14,7,.654,665,63,2400,419,32,9
156,7,22,-9.67,542,224,.313,790,3,1305,1813,743,.329,754,1118,15,-2.61,Manhattan,209,2259,355,.416,350,5,13,10,.729,636,103,2485,530,32,7
157,5,24,-12.33,480,146,.250,628,2,1290,1747,662,.333,749,998,15,-2.74,Marist,245,2223,235,.429,352,5,14,8,.725,736,83,2530,409,32,8
158,14,13,15.26,457,231,.594,620,4,1285,1888,585,.429,919,1058,8,8.60,Marquette,336,2631,280,.487,525,10,6,19,.781,783,115,2418,396,32,3
159,13,15,0.18,599,211,.571,643,4,1415,2237,816,.370,1021,1291,8,-1.05,Marshall,356,2997,325,.456,576,10,11,20,.734,962,140,2939,433,35,3
160,13,9,12.79,512,180,.727,613,8,1325,1840,732,.359,827,1173,6,8.29,Maryland,272,2438,351,.449,472,12,2,24,.699,757,154,2246,426,33,5
161,13,13,-3.84,515,224,.618,625,8,1390,2041,691,.393,957,1199,7,-5.87,Maryland-Baltimore County,330,2759,307,.469,507,9,8,21,.745,840,80,2624,411,34,5
162,7,20,-13.77,456,193,.412,665,5,1380,2013,668,.342,854,1142,7,-7.61,Maryland-Eastern Shore,262,2424,350,.424,449,9,14,14,.683,765,89,2583,425,34,4
163,11,18,1.63,443,250,.455,722,3,1320,1939,671,.297,847,1185,14,1.66,Massachusetts,234,2371,333,.437,529,4,10,15,.660,789,169,2372,489,33,7
164,8,20,-10.13,417,171,.355,622,2,1255,1825,567,.390,877,1038,11,-6.40,Massachusetts-Lowell,258,2429,280,.481,495,5,14,11,.735,662,64,2517,474,31,6
165,4,22,-14.28,418,159,.241,573,3,1165,1697,610,.332,715,977,14,-4.12,McNeese State,195,2043,285,.421,302,4,12,7,.685,587,91,2292,403,29,10
166,14,13,6.47,482,221,.594,534,4,1290,1926,706,.295,852,1172,9,3.19,Memphis,181,2367,373,.442,508,9,7,19,.683,613,150,2262,368,32,4
167,8,17,-1.12,449,134,.469,546,6,1295,1774,574,.350,787,1174,9,-0.92,Mercer,244,2269,367,.444,433,9,7,15,.782,698,74,2184,367,32,7
168,14,12,14.48,443,213,.636,513,4,1325,1800,617,.356,813,1176,8,9.57,Miami (FL),209,2278,363,.452,389,10,6,21,.718,587,125,2116,417,33,2
169,10,21,-8.16,476,238,.344,642,1,1290,1815,689,.308,787,1091,14,-2.10,Miami (OH),199,2249,298,.434,364,4,13,11,.691,647,125,2384,467,32,8
170,15,12,18.80,486,220,.684,571,3,1535,2076,624,.385,1002,1111,8,10.17,Michigan,361,2851,280,.483,527,10,8,26,.779,937,108,2523,348,38,3
171,14,15,13.67,432,151,.571,699,2,1405,1927,646,.373,905,1275,8,10.50,Michigan State,273,2515,328,.470,591,10,7,20,.669,732,162,2404,490,35,2
172,13,5,9.80,441,242,.861,655,11,1445,2077,631,.367,1014,1273,1,-0.48,Middle Tennessee,228,2697,355,.488,552,17,2,31,.699,622,100,2299,374,36,2
173,5,24,-7.37,355,164,.314,641,2,1430,1949,538,.348,860,1107,14,-2.17,Milwaukee,272,2347,293,.441,467,4,13,11,.660,782,53,2494,409,35,8
174,17,10,14.56,573,194,.706,577,5,1390,2037,806,.343,887,1341,7,8.82,Minnesota,209,2556,378,.435,507,11,5,24,.711,610,227,2361,393,34,3
175,13,14,9.65,696,243,.611,702,6,1450,2162,926,.347,914,1422,8,7.99,Mississippi,283,2807,458,.423,465,10,6,22,.752,815,149,2747,516,36,6
176,10,16,7.12,431,239,.500,638,2,1285,1849,627,.347,821,1130,12,5.90,Mississippi State,247,2320,310,.444,386,6,8,16,.687,711,131,2281,433,32,7
177,5,25,-20.54,423,218,.219,624,2,1295,1942,651,.343,818,1108,11,-7.11,Mississippi Valley State,174,2235,385,.421,374,7,20,7,.650,508,60,2665,460,32,4
178,6,24,2.98,500,200,.250,647,0,1290,1893,732,.304,744,1168,16,6.73,Missouri,225,2213,357,.393,386,2,9,8,.683,739,68,2333,384,32,11
179,11,16,2.84,457,176,.515,585,4,1345,1895,652,.363,838,1212,11,1.18,Missouri State,270,2403,377,.442,403,7,8,17,.701,744,127,2277,406,33,6
180,13,7,4.94,600,235,.794,697,12,1375,2127,793,.373,929,1310,2,-2.62,Monmouth,303,2761,380,.437,431,18,4,27,.757,813,155,2504,425,34,2
181,8,16,-2.67,467,181,.500,699,7,1290,1879,621,.357,843,1084,7,-4.02,Montana,238,2391,310,.449,416,11,8,16,.752,667,91,2348,345,32,5
182,12,16,-6.14,527,181,.500,732,4,1320,1968,722,.375,857,1167,7,-5.88,Montana State,320,2561,336,.435,423,11,10,16,.730,853,74,2532,393,32,5
183,10,16,-3.60,395,202,.467,633,4,1215,1906,544,.386,878,1129,6,-1.85,Morehead State,219,2370,396,.461,482,10,11,14,.726,568,95,2311,404,30,4
184,9,16,-15.03,484,170,.467,602,5,1210,1793,681,.294,691,1168,5,-11.20,Morgan State,159,2025,424,.385,322,11,10,14,.711,541,101,2121,420,30,5
185,11,16,-4.29,431,222,.556,640,8,1445,1977,640,.358,877,1082,4,-3.51,Mount St. Mary's,261,2446,276,.444,403,14,11,20,.673,730,142,2474,472,36,4
186,10,17,-3.06,552,198,.485,659,3,1350,2040,751,.360,899,1243,8,-4.41,Murray State,289,2639,399,.441,458,8,11,16,.735,803,75,2543,403,33,4
187,11,16,-4.11,400,227,.500,594,5,1285,1740,624,.307,735,1134,8,-3.92,Navy,206,2076,424,.422,433,10,9,16,.641,670,66,2055,464,32,5
188,11,17,6.09,481,162,.469,582,2,1290,1898,687,.356,888,1161,14,8.09,NC State,226,2483,329,.468,457,4,8,15,.700,635,140,2547,428,32,7
189,8,19,6.47,403,211,.387,577,3,1260,1906,568,.320,793,1187,12,10.74,Nebraska,179,2168,411,.416,354,6,8,12,.710,560,116,2264,411,31,8
190,13,7,10.49,606,189,.800,581,8,1405,2082,859,.382,933,1351,4,2.03,Nevada,320,2792,386,.448,559,14,4,28,.705,837,152,2496,386,35,1
191,9,21,-3.75,495,189,.344,539,2,1295,1893,711,.320,747,1210,14,2.59,Nevada-Las Vegas,213,2202,365,.395,412,4,9,11,.696,666,85,2405,410,32,10
192,11,12,-3.57,455,129,.625,505,9,1300,1787,628,.352,783,1227,6,-4.46,New Hampshire,256,2277,324,.438,398,10,8,20,.725,727,59,2118,401,32,4
193,11,14,3.04,582,189,.548,611,5,1245,1693,780,.327,778,1071,8,2.07,New Mexico,145,2283,274,.460,419,10,7,17,.746,444,109,2253,403,31,4
194,17,6,4.66,600,166,.824,627,8,1365,1957,843,.337,913,1339,3,-3.82,New Mexico State,252,2678,436,.467,505,11,4,28,.712,747,128,2310,465,34,1
195,11,12,-4.10,532,252,.625,562,7,1300,1755,749,.317,830,1140,5,-5.34,New Orleans,139,2331,386,.473,500,13,8,20,.710,438,97,2215,534,32,3
196,5,23,-8.34,512,172,.303,604,3,1335,2035,683,.366,846,1260,14,-4.37,Niagara,244,2448,389,.416,416,6,13,10,.750,667,152,2579,428,33,8
197,10,17,-14.57,496,234,.452,599,4,1255,1804,671,.345,771,1020,11,-5.23,Nicholls State,278,2316,303,.427,430,7,14,14,.739,805,190,2464,451,31,3
198,8,20,-10.12,421,203,.355,599,2,1245,1857,599,.333,786,1134,11,-4.22,NJIT,258,2253,357,.423,395,3,15,11,.703,775,89,2320,418,31,4
199,10,17,-12.07,495,173,.500,705,5,1380,1949,727,.339,827,1307,4,-8.57,Norfolk State,225,2374,365,.424,375,12,12,17,.681,663,180,2430,502,34,2
200,16,7,24.84,642,283,.825,711,6,1605,2633,916,.355,1226,1748,4,11.76,North Carolina,283,3377,630,.466,722,14,5,33,.701,798,139,2824,473,40,0
201,3,29,-23.07,400,144,.094,629,0,1300,1716,587,.328,728,1102,15,-9.61,North Carolina A&T,200,2056,348,.424,352,1,18,3,.681,610,69,2435,466,32,10
202,11,9,-3.18,467,209,.735,587,11,1360,2005,684,.335,910,1313,3,-12.12,North Carolina Central,255,2542,397,.454,480,13,6,25,.683,761,112,2159,406,34,2
203,11,10,-1.83,498,251,.688,672,7,1300,1919,698,.390,926,1146,4,-5.45,North Dakota,228,2578,297,.483,487,14,6,22,.713,585,93,2357,419,32,2
204,11,11,-1.31,462,183,.633,501,7,1215,1693,650,.368,775,1047,5,-2.63,North Dakota State,232,2244,258,.458,365,11,7,19,.711,630,111,2146,348,30,2
205,10,19,-7.78,490,185,.441,639,4,1360,2025,748,.351,926,1321,6,-1.65,North Florida,295,2637,423,.457,447,8,13,15,.655,841,143,2674,542,34,5
206,7,22,-11.14,409,199,.267,567,1,1205,1747,633,.320,740,1075,16,-3.32,North Texas,186,2075,300,.424,338,2,11,8,.646,582,95,2258,410,30,11
207,7,16,-0.78,433,170,.484,522,7,1255,1682,636,.367,767,1039,10,-0.91,Northeastern,267,2234,264,.456,414,8,10,15,.681,728,112,2230,390,31,4
208,5,23,-13.92,440,142,.281,590,2,1285,1892,644,.320,769,1218,12,-5.95,Northern Arizona,239,2217,383,.406,440,6,12,9,.683,746,63,2436,465,32,7
209,6,18,-9.27,357,147,.379,563,4,1170,1666,590,.347,732,1075,11,-4.20,Northern Colorado,254,2075,310,.439,392,7,11,11,.605,732,64,2167,407,29,6
210,9,17,-3.29,493,226,.469,618,6,1310,1891,728,.312,828,1211,11,-2.05,Northern Illinois,161,2310,401,.438,347,7,9,15,.677,516,80,2261,429,32,8
211,9,16,1.29,381,197,.467,464,3,1215,1559,520,.326,622,878,9,5.22,Northern Iowa,229,1854,182,.399,298,9,9,14,.733,702,84,1931,342,30,4
212,12,11,-0.17,503,200,.686,622,8,1400,2037,740,.349,928,1319,6,-2.84,Northern Kentucky,300,2659,391,.456,486,12,7,24,.680,859,98,2507,468,35,2
213,14,12,14.02,477,189,.667,691,5,1440,2092,638,.342,913,1304,8,8.43,Northwestern,255,2558,386,.436,541,10,5,24,.748,745,175,2357,383,36,4
214,7,16,-12.03,499,196,.448,568,5,1170,1698,723,.366,751,1049,11,-6.07,Northwestern State,203,2204,337,.442,405,7,10,13,.690,555,77,2301,439,29,6
215,16,10,17.81,489,255,.722,533,5,1445,2139,611,.384,980,1212,6,9.78,Notre Dame,334,2783,334,.458,566,12,4,26,.800,869,134,2494,341,36,2
216,13,9,4.22,582,266,.735,592,11,1365,2057,765,.335,935,1324,4,-3.00,Oakland,247,2699,353,.455,576,14,3,25,.761,738,170,2419,462,34,4
217,12,11,3.90,432,182,.645,550,7,1240,1837,626,.384,835,1141,7,-2.56,Ohio,285,2387,284,.455,415,11,6,20,.690,742,88,2166,388,31,4
218,13,15,10.31,464,166,.531,562,4,1285,1786,680,.356,827,1191,11,7.28,Ohio State,211,2329,324,.463,434,7,7,17,.682,592,121,2232,423,32,6
219,8,20,11.42,494,213,.355,602,1,1265,1863,685,.344,788,1173,13,12.62,Oklahoma,192,2262,361,.423,328,5,9,11,.721,558,147,2299,428,31,7
220,11,13,19.19,620,252,.606,730,7,1320,2050,786,.402,957,1215,9,12.22,Oklahoma State,294,2828,454,.467,486,9,5,20,.789,732,99,2589,432,33,5
221,11,12,1.94,387,196,.613,566,7,1250,1765,602,.324,727,1190,6,-1.35,Old Dominion,157,1998,412,.412,422,12,5,19,.643,485,142,1896,348,31,4
222,8,14,-2.24,598,262,.563,616,8,1295,1972,799,.388,895,1149,7,-1.11,Omaha,297,2685,338,.454,442,9,9,18,.748,765,107,2673,444,32,4
223,7,22,-5.51,416,162,.267,534,1,1210,1819,548,.367,810,1034,12,1.24,Oral Roberts,216,2252,278,.445,423,4,13,8,.759,588,88,2398,360,30,6
224,17,6,20.80,560,253,.846,614,7,1565,2270,787,.380,1091,1431,2,8.38,Oregon,334,3076,412,.481,614,16,3,33,.712,880,248,2565,454,39,0
225,5,27,-4.59,376,177,.156,611,0,1285,1686,569,.346,721,1038,17,5.89,Oregon State,203,2021,290,.428,380,1,13,5,.661,586,118,2321,491,32,11
226,8,22,-4.57,453,140,.333,690,2,1325,1939,671,.330,784,1225,14,2.09,Pacific,185,2206,385,.404,396,4,12,11,.675,560,63,2371,386,33,8
227,9,18,7.90,487,224,.455,596,4,1345,1989,654,.339,825,1166,12,8.90,Penn State,230,2367,330,.415,449,6,7,15,.745,679,184,2400,430,33,7
228,6,15,-0.65,274,181,.464,501,7,1125,1603,417,.339,710,972,8,-1.50,Pennsylvania,234,1928,267,.443,401,6,8,13,.657,690,100,1904,358,28,6
229,7,22,-10.00,348,157,.290,531,1,1240,1811,543,.369,807,1033,13,1.87,Pepperdine,178,2140,295,.446,420,5,12,9,.641,482,84,2490,389,31,7
230,11,17,9.25,527,127,.485,548,2,1340,1825,719,.361,807,1158,14,11.06,Pittsburgh,263,2404,313,.442,473,4,8,16,.733,728,112,2464,396,33,6
231,5,22,-5.81,485,163,.333,581,2,1335,1793,655,.373,758,1098,16,2.32,Portland,214,2215,278,.423,325,2,9,11,.740,573,112,2383,424,33,10
232,10,16,-7.06,489,307,.484,590,4,1280,1991,743,.341,959,1064,11,-6.63,Portland State,238,2645,322,.482,491,7,12,15,.658,697,81,2535,376,31,3
233,10,20,-14.54,463,273,.394,700,3,1330,1839,659,.350,788,1019,8,-8.48,Prairie View,237,2276,292,.428,404,10,17,13,.703,678,121,2419,436,33,3
234,5,25,-23.63,321,143,.167,519,0,1205,1618,468,.346,667,979,17,-5.95,Presbyterian,181,1836,300,.412,364,1,17,5,.686,523,72,2245,451,30,8
235,10,7,6.57,307,200,.767,482,10,1205,1716,416,.378,772,1003,0,-1.84,Princeton,298,2149,247,.450,426,14,4,23,.738,789,93,1843,298,30,1
236,15,13,11.24,472,218,.606,569,4,1325,1795,683,.371,804,1101,8,7.84,Providence,239,2319,294,.448,471,10,7,20,.691,645,98,2207,412,33,3
237,15,8,20.13,515,181,.771,552,6,1415,2044,680,.403,980,1322,4,8.79,Purdue,315,2790,344,.479,640,14,4,27,.757,782,87,2393,455,35,2
238,14,13,0.38,407,255,.606,592,6,1340,2127,561,.402,1055,1245,8,-3.19,Purdue-Fort Wayne,352,2869,334,.496,576,8,9,20,.725,876,129,2602,450,33,3
239,6,21,-9.86,453,178,.323,607,3,1250,2008,663,.326,848,1223,13,-3.22,Quinnipiac,228,2377,432,.422,447,7,10,10,.683,700,111,2583,448,31,8
240,8,18,-11.34,353,153,.438,550,4,1300,1802,530,.345,745,1219,10,-4.58,Radford,247,2090,396,.413,393,8,11,14,.666,715,114,2247,470,32,6
241,13,10,12.88,528,227,.714,725,7,1405,2019,791,.332,916,1301,5,4.62,Rhode Island,217,2577,409,.454,467,13,5,25,.668,653,206,2288,389,35,3
242,13,12,0.51,635,221,.657,669,9,1415,2048,858,.388,946,1331,7,-4.16,Rice,326,2853,353,.462,484,11,5,23,.740,840,129,2650,524,35,6
243,12,13,5.45,449,232,.629,634,8,1410,1993,630,.342,938,1078,5,3.28,Richmond,271,2596,236,.471,592,13,6,22,.713,793,67,2520,399,35,5
244,7,15,-5.34,505,219,.545,650,9,1325,2034,752,.332,907,1331,10,-5.28,Rider,179,2498,421,.446,466,10,9,18,.672,539,119,2500,481,33,5
245,6,19,-8.56,486,261,.424,671,6,1325,1818,750,.319,728,1139,9,-5.13,Robert Morris,183,2125,363,.400,348,9,12,14,.648,574,80,2238,497,33,7
246,10,18,3.69,393,217,.455,584,3,1325,1967,631,.303,809,1319,15,6.22,Rutgers,152,2163,480,.411,360,3,10,15,.623,502,153,2215,437,33,6
247,8,18,-10.69,428,145,.419,568,4,1260,1759,657,.316,808,1100,9,-5.58,Sacramento State,160,2204,306,.459,408,9,10,13,.651,506,135,2303,360,31,5
248,6,19,-10.95,462,217,.406,617,6,1305,1882,659,.335,832,1194,10,-7.52,Sacred Heart,200,2326,361,.442,459,8,10,13,.701,597,86,2436,516,32,8
249,8,17,-8.13,414,225,.500,551,9,1375,2021,598,.391,943,1243,7,-7.65,Saint Francis (PA),277,2577,354,.467,472,11,11,17,.692,709,136,2533,491,34,6
250,6,20,0.14,471,150,.355,547,4,1250,1808,725,.324,755,1132,14,3.69,Saint Joseph's,174,2155,351,.418,352,4,9,11,.650,537,106,2265,371,31,8
251,10,21,-6.09,396,164,.364,639,1,1330,1733,597,.342,700,1093,12,1.85,Saint Louis,230,2026,279,.404,423,6,10,12,.663,672,95,2288,441,33,8
252,15,5,16.75,372,143,.853,512,10,1360,1797,499,.394,892,1205,2,2.19,Saint Mary's (CA),293,2449,324,.496,563,16,1,29,.745,744,110,1954,365,34,2
253,9,13,1.60,438,251,.639,571,11,1450,1891,625,.381,825,1182,6,-3.60,Saint Peter's,288,2376,297,.436,440,14,7,23,.701,755,106,2189,398,36,5
254,14,13,-7.55,518,239,.618,758,5,1365,2055,755,.316,898,1283,8,-6.35,Sam Houston State,212,2526,401,.437,507,10,9,21,.686,671,93,2424,466,34,2
255,10,16,-1.87,645,222,.556,678,8,1490,2038,868,.395,955,1300,10,-3.70,Samford,279,2834,345,.469,581,8,9,20,.743,707,88,2733,493,36,6
256,7,18,-5.78,435,121,.419,600,6,1265,1636,603,.348,666,1028,12,0.92,San Diego,258,2025,254,.407,376,6,7,13,.721,741,54,2210,379,31,10
257,10,14,6.88,463,227,.576,572,3,1325,1878,663,.317,782,1199,9,1.47,San Diego State,233,2260,350,.416,360,9,9,19,.698,736,164,2064,387,33,4
258,12,13,3.80,327,220,.606,639,5,1320,1934,514,.350,868,1187,8,0.42,San Francisco,299,2362,314,.449,428,10,7,20,.636,855,92,2222,415,33,4
259,9,16,-2.84,451,190,.467,589,5,1205,1750,643,.348,772,1015,11,1.74,San Jose State,200,2195,283,.441,417,7,8,14,.701,574,124,2245,377,30,7
260,11,16,2.69,330,170,.515,617,5,1340,1784,451,.382,778,980,8,2.03,Santa Clara,318,2204,203,.436,464,10,7,17,.732,832,65,2158,341,33,6
261,7,16,-16.04,427,226,.448,571,6,1165,2030,659,.332,833,1169,6,-8.44,Savannah State,392,2485,358,.410,501,10,10,13,.648,1182,94,2665,431,29,4
262,9,17,-8.36,405,199,.433,568,3,1225,1646,573,.344,713,1011,9,-3.95,Seattle,260,2091,223,.433,476,5,9,13,.707,756,62,2141,436,30,7
263,12,12,12.10,471,228,.636,613,4,1335,1949,733,.338,872,1311,8,9.25,Seton Hall,202,2417,439,.447,405,10,6,21,.643,598,82,2323,449,33,2
264,10,17,-2.00,565,199,.500,664,5,1365,1989,795,.327,899,1284,8,-2.23,Siena,186,2549,430,.452,460,12,12,17,.711,568,140,2541,476,34,4
265,10,18,-6.57,475,240,.438,653,4,1300,1859,725,.318,793,1108,11,-2.90,South Alabama,223,2286,337,.427,408,7,10,14,.655,702,119,2322,419,32,7
266,15,11,17.52,611,288,.703,751,6,1505,2197,874,.338,924,1346,6,10.16,South Carolina,248,2707,464,.421,468,12,5,26,.699,733,142,2414,480,37,3
267,6,20,-18.37,390,154,.355,594,4,1250,1849,564,.320,796,991,9,-6.61,South Carolina State,185,2167,320,.431,380,7,14,11,.691,578,64,2486,383,31,4
268,8,16,-7.64,419,179,.515,545,7,1335,2042,638,.346,936,1279,7,-5.23,South Carolina Upstate,284,2575,396,.458,508,7,8,17,.657,821,104,2530,421,33,8
269,13,12,-0.42,601,231,.647,657,7,1365,2044,852,.341,907,1268,4,-2.08,South Dakota,224,2639,355,.444,415,12,7,22,.705,657,115,2513,402,34,1
270,11,17,-2.30,603,180,.514,584,3,1415,1938,782,.360,881,1229,8,-0.66,South Dakota State,318,2683,316,.455,459,8,12,18,.771,883,83,2697,453,35,2
271,6,23,-7.28,339,183,.233,579,1,1205,1684,516,.346,716,1053,17,2.39,South Florida,174,1945,328,.425,365,1,11,7,.657,503,115,2235,489,30,11
272,10,18,-5.89,493,248,.455,644,4,1330,1897,664,.367,852,1024,7,-4.28,Southeast Missouri State,263,2460,289,.449,454,9,11,15,.742,716,63,2464,410,33,4
273,11,16,-7.36,461,218,.500,619,5,1280,1770,675,.363,796,1154,9,-8.13,Southeastern Louisiana,215,2268,384,.450,455,9,12,16,.683,593,106,2182,512,32,3
274,11,18,-14.48,547,184,.455,635,4,1325,1887,786,.320,825,1247,8,-11.68,Southern,163,2360,405,.437,384,10,13,15,.696,510,121,2401,453,33,4
275,14,10,11.48,583,252,.722,571,6,1445,2139,787,.362,975,1286,8,6.40,Southern California,283,2816,387,.456,550,10,5,26,.741,782,190,2633,398,36,3
276,11,16,1.09,469,225,.515,594,5,1340,1866,674,.316,808,1114,9,2.65,Southern Illinois,175,2260,348,.433,375,9,9,17,.696,554,128,2289,398,33,6
277,3,24,-12.25,528,142,.200,657,2,1210,1686,780,.292,687,1073,15,-3.29,SIU Edwardsville,142,2044,353,.407,305,1,13,6,.677,486,85,2282,436,30,10
278,18,5,18.71,485,200,.857,506,8,1400,1934,696,.406,914,1335,1,4.45,Southern Methodist,286,2599,416,.473,566,17,3,30,.697,705,117,2100,377,35,0
279,8,22,-13.40,372,145,.290,527,1,1260,1728,526,.305,690,1058,12,-2.78,Southern Mississippi,200,1952,258,.399,376,6,12,9,.707,655,64,2239,405,31,6
280,3,27,-15.58,638,185,.182,803,2,1335,2004,861,.357,815,1218,15,-5.39,Southern Utah,291,2559,383,.407,381,3,14,6,.741,815,107,2814,452,33,10
281,11,12,5.95,608,230,.625,668,5,1290,1864,791,.348,825,1153,7,1.48,St. Bonaventure,201,2459,369,.443,423,11,5,20,.769,577,138,2316,401,32,4
282,3,27,-19.24,400,208,.129,672,0,1250,1871,616,.279,650,1078,16,-6.54,St. Francis (NY),221,1921,390,.347,287,2,16,4,.649,792,89,2284,379,31,10
283,9,19,6.45,524,224,.424,688,4,1320,2000,724,.364,866,1136,11,8.39,St. John's (NY),278,2534,337,.433,446,7,9,14,.724,763,197,2598,433,33,6
284,10,17,6.39,461,211,.452,604,1,1245,1753,676,.320,772,1067,12,8.59,Stanford,157,2162,316,.440,421,6,10,14,.682,490,79,2204,399,31,5
285,12,15,-7.01,530,223,.545,716,4,1330,1754,735,.319,783,1147,6,-5.75,Stephen F. Austin,193,2289,378,.446,409,12,10,18,.721,605,100,2271,578,33,2
286,7,21,-14.21,438,155,.344,608,4,1285,2007,665,.339,886,1128,11,-5.45,Stetson,261,2471,274,.441,436,3,13,11,.659,770,71,2654,362,32,7
287,10,14,-4.71,445,174,.563,622,7,1280,1878,617,.327,759,1108,4,-5.05,Stony Brook,250,2215,358,.404,391,12,8,18,.721,764,102,2204,325,32,6
288,17,15,13.70,506,275,.559,542,2,1370,1950,685,.379,894,1183,8,8.47,Syracuse,300,2594,363,.458,532,10,8,19,.739,791,159,2416,418,34,4
289,15,15,15.64,506,256,.615,676,4,1570,2284,738,.354,1064,1404,12,10.95,TCU,280,2914,453,.466,661,6,8,24,.686,790,175,2718,504,39,6
290,9,16,4.84,366,208,.500,584,4,1295,1916,506,.356,808,1096,11,5.09,Temple,287,2269,320,.422,464,7,8,16,.723,807,128,2277,365,32,7
291,11,16,11.28,588,175,.500,670,4,1285,1903,807,.326,803,1206,10,10.18,Tennessee,189,2383,388,.422,441,8,7,16,.729,579,146,2335,399,32,6
292,7,13,-1.57,476,201,.567,633,8,1220,1680,688,.339,744,1117,8,-2.96,Tennessee State,170,2134,366,.443,339,8,7,17,.692,502,102,2032,452,30,5
293,7,20,-7.60,506,213,.375,675,5,1300,1860,715,.325,785,1144,8,-4.17,Tennessee Tech,241,2317,356,.422,435,8,11,12,.708,742,115,2340,434,32,8
294,14,13,-4.70,474,228,.629,606,7,1415,2066,689,.353,966,1312,6,-4.34,Tennessee-Martin,287,2693,453,.468,555,10,10,22,.688,812,123,2630,528,35,2
295,10,22,10.99,414,190,.333,588,0,1320,1846,637,.292,810,1133,14,12.75,Texas,181,2215,323,.439,376,4,11,11,.650,619,149,2273,443,33,7
296,11,15,10.36,379,186,.516,511,3,1240,1754,584,.329,804,1193,10,7.97,Texas A&M,189,2176,401,.458,489,8,7,16,.649,574,173,2102,439,31,5
297,16,12,-2.97,572,337,.667,703,7,1455,2071,792,.332,974,1227,6,-5.79,Texas A&M-Corpus Christi,195,2715,368,.470,486,12,9,24,.722,588,142,2574,485,36,2
298,10,12,-6.41,656,251,.657,607,11,1410,2017,892,.295,866,1228,2,-7.81,Texas Southern,205,2593,401,.429,411,16,11,23,.735,695,110,2544,407,35,0
299,13,14,-2.23,460,237,.611,642,5,1455,1933,696,.330,865,1211,7,-4.29,Texas State,217,2407,344,.447,526,11,9,22,.661,657,160,2256,423,36,4
300,16,14,14.11,464,169,.563,562,1,1300,1776,633,.367,835,1050,12,7.86,Texas Tech,212,2346,299,.470,427,6,9,18,.733,577,98,2146,354,32,3
301,7,22,-11.44,491,246,.313,780,1,1305,2050,685,.336,869,1180,12,-3.68,Texas-Rio Grande Valley,276,2505,382,.424,484,2,14,10,.717,821,82,2665,507,32,7
302,8,21,-12.86,607,306,.364,737,3,1335,2357,802,.341,980,1232,14,-2.93,The Citadel,397,2964,448,.416,561,4,12,12,.757,1165,85,3121,473,33,8
303,12,17,1.16,525,135,.500,574,4,1410,1966,755,.362,944,1274,9,-0.90,Toledo,262,2675,339,.480,551,9,10,17,.695,724,92,2567,447,34,4
304,12,13,1.84,592,226,.606,686,6,1335,1900,868,.311,850,1305,7,-1.28,Towson,155,2447,445,.447,348,11,8,20,.682,499,118,2285,426,33,3
305,10,15,-0.47,614,221,.595,654,6,1485,2153,847,.359,982,1362,8,-3.36,Troy,311,2889,409,.456,484,10,10,22,.725,867,129,2667,462,37,4
306,4,25,-3.98,456,192,.194,646,2,1255,1856,636,.324,751,1062,15,4.25,Tulane,221,2179,349,.405,398,3,10,6,.717,683,119,2434,420,31,10
307,10,17,2.45,522,145,.469,579,3,1285,1673,716,.343,701,1112,10,5.29,Tulsa,234,2158,311,.419,362,8,9,15,.729,683,80,2249,473,32,5
308,11,16,-1.17,496,157,.515,527,4,1330,1809,674,.348,835,1188,9,-1.83,UAB,203,2369,321,.462,503,9,8,17,.736,583,160,2316,444,33,5
309,11,13,-5.21,558,202,.639,688,6,1455,2008,828,.348,873,1280,5,-4.68,UC Davis,221,2525,364,.435,461,11,9,23,.674,635,118,2506,513,36,0
310,11,15,0.18,419,176,.583,748,7,1450,2062,611,.361,915,1429,4,-2.70,UC Irvine,265,2514,402,.444,460,12,9,21,.686,734,154,2331,481,36,2
311,5,21,-11.39,344,198,.276,572,3,1165,1671,495,.313,689,1011,11,-3.87,UC Riverside,173,1895,264,.412,338,5,12,8,.695,553,88,2016,387,29,8
312,5,22,-13.49,303,148,.214,502,1,1125,1651,478,.290,622,1028,12,-2.00,UC Santa Barbara,154,1701,356,.377,338,4,12,6,.634,531,59,1987,341,28,8
313,16,5,20.67,459,212,.861,583,8,1440,2320,622,.406,1210,1386,3,6.39,UCLA,354,3233,343,.522,771,15,2,31,.738,872,191,2719,404,36,1
314,13,10,0.84,464,306,.697,553,10,1345,1908,681,.394,908,1096,3,-5.61,UNC Asheville,264,2544,281,.476,512,15,8,23,.681,670,64,2261,384,33,1
315,13,10,-0.10,426,245,.714,638,8,1400,2043,603,.382,947,1243,4,-2.63,UNC Greensboro,308,2628,405,.464,525,14,5,25,.706,807,133,2424,474,35,4
316,13,6,8.06,489,234,.829,699,11,1405,2231,708,.366,1071,1261,3,-0.55,UNC Wilmington,336,2967,422,.480,564,15,3,29,.691,917,115,2624,363,35,1
317,14,9,5.92,510,266,.750,691,12,1440,2168,749,.337,999,1384,4,-0.87,UT Arlington,310,2818,430,.461,566,14,7,27,.681,920,81,2516,472,36,1
318,14,12,12.45,424,195,.625,539,5,1290,1856,622,.353,936,1217,7,4.32,Utah,215,2511,321,.504,476,11,6,20,.682,609,113,2180,431,32,4
319,10,17,2.90,427,153,.452,589,3,1245,1713,609,.379,790,1098,11,2.46,Utah State,234,2241,256,.461,466,7,8,14,.701,618,91,2195,391,31,5
320,8,17,-1.22,543,216,.500,667,8,1385,2028,767,.320,886,1350,8,-2.44,Utah Valley,300,2615,306,.437,530,6,11,17,.708,937,123,2479,522,34,5
321,8,17,-3.13,413,172,.469,618,5,1300,1731,624,.348,812,1101,6,-2.51,UTEP,180,2217,235,.469,463,12,6,15,.662,517,99,2202,427,32,8
322,11,19,-7.42,468,183,.424,642,2,1320,1959,703,.283,769,1293,10,-3.03,UTSA,172,2178,425,.393,357,8,15,14,.666,608,62,2291,418,33,3
323,15,9,3.94,552,211,.727,621,7,1330,1912,712,.324,848,1251,4,-1.59,Valparaiso,217,2465,351,.444,422,14,6,24,.775,670,96,2274,425,33,2
324,11,16,13.69,513,147,.543,581,5,1405,1896,660,.376,815,1208,8,10.72,Vanderbilt,346,2489,286,.430,450,10,6,19,.777,921,133,2385,430,35,5
325,16,6,6.67,456,199,.829,555,11,1400,1909,651,.369,943,1192,0,-3.27,Vermont,229,2571,326,.494,476,16,3,29,.700,621,151,2174,392,35,1
326,14,4,23.80,538,259,.889,515,9,1440,1948,681,.369,965,1208,3,9.28,Villanova,311,2779,316,.495,505,15,2,32,.790,843,109,2256,402,36,1
327,12,11,20.63,336,190,.676,556,7,1380,1823,474,.385,839,1119,7,10.93,Virginia,232,2246,297,.460,473,11,5,23,.709,602,138,1916,324,34,4
328,15,9,11.57,527,263,.743,728,7,1420,2050,747,.331,945,1275,4,3.77,Virginia Commonwealth,199,2616,386,.461,525,14,4,26,.705,602,138,2343,435,35,1
329,5,24,-13.91,345,188,.200,594,1,1200,1778,500,.316,732,992,15,-1.80,VMI,248,2057,306,.412,356,3,14,6,.690,786,114,2346,395,30,9
330,15,11,12.77,546,131,.667,543,4,1330,1813,741,.403,887,1068,8,8.38,Virginia Tech,290,2610,240,.489,497,10,6,22,.737,720,91,2465,398,33,2
331,8,14,-7.13,410,146,.533,616,8,1215,1700,593,.332,727,1184,7,-7.89,Wagner,183,2047,434,.428,326,11,7,16,.691,552,108,1973,422,30,7
332,11,14,14.19,619,183,.576,668,5,1320,1955,795,.385,923,1199,9,9.80,Wake Forest,268,2733,349,.472,512,9,8,19,.779,697,121,2588,389,33,3
333,7,22,2.15,394,187,.290,628,1,1245,1949,602,.354,874,1161,16,6.82,Washington,226,2368,401,.448,408,2,11,9,.654,639,171,2513,425,31,9
334,9,18,0.13,368,130,.419,502,2,1245,1739,487,.364,801,993,12,6.87,Washington State,209,2179,199,.461,453,6,7,13,.756,574,85,2376,389,31,7
335,10,14,-2.32,584,176,.588,596,7,1380,1866,788,.417,908,1103,6,-5.13,Weber State,312,2714,243,.487,443,12,8,20,.741,749,117,2505,380,34,3
336,16,9,24.45,621,371,.757,756,6,1505,2333,907,.362,1059,1387,6,9.67,West Virginia,275,3014,534,.454,607,12,4,28,.685,759,176,2467,455,37,2
337,6,23,-15.30,345,198,.281,661,3,1280,1843,528,.307,719,1158,14,-0.70,Western Carolina,182,1965,397,.390,363,4,13,9,.653,592,75,2347,516,32,8
338,5,20,-11.00,336,130,.286,546,3,1145,1633,475,.388,711,968,11,-2.38,Western Illinois,254,2012,194,.435,375,5,11,8,.707,654,124,2151,358,28,8
339,11,17,-5.80,441,143,.469,475,4,1280,1767,657,.353,777,1119,9,-2.89,Western Kentucky,214,2209,302,.440,397,9,12,15,.671,606,105,2302,388,32,3
340,13,16,-0.78,482,183,.500,600,3,1285,1915,685,.371,863,1155,7,-0.55,Western Michigan,209,2417,370,.451,414,11,9,16,.704,563,91,2408,399,32,2
341,16,5,21.24,622,235,.861,676,9,1440,2114,848,.403,992,1472,1,2.96,Wichita State,310,2916,434,.469,586,17,1,31,.733,769,140,2246,406,36,1
342,13,14,-0.14,477,167,.548,566,3,1250,1808,689,.382,887,1123,8,-0.73,William & Mary,283,2534,271,.491,543,10,12,17,.692,740,152,2411,388,31,1
343,13,7,1.34,520,216,.788,605,12,1350,1957,725,.373,891,1224,3,-6.12,Winthrop,313,2615,316,.455,423,15,3,26,.717,839,169,2322,430,33,3
344,15,10,19.40,453,250,.730,602,5,1500,2135,703,.359,971,1377,6,9.40,Wisconsin,283,2678,460,.455,504,12,5,27,.644,788,130,2308,411,37,2
345,11,17,-0.71,482,185,.485,614,4,1350,1926,619,.403,900,1105,8,-1.08,Wofford,311,2593,323,.467,552,10,10,16,.779,771,71,2479,405,33,2
346,12,12,-1.02,546,181,.625,594,8,1290,1819,715,.381,817,1136,7,-2.42,Wright State,285,2465,326,.449,472,11,7,20,.764,749,75,2317,474,32,4
347,19,15,2.83,620,195,.605,783,3,1545,2265,849,.350,986,1446,10,0.55,Wyoming,369,2961,322,.435,561,8,10,23,.730,1055,172,2833,502,38,3
348,12,14,14.80,607,228,.632,711,4,1525,2148,882,.345,981,1416,9,11.51,Xavier,267,2836,451,.457,560,9,8,24,.688,775,100,2711,478,38,4
349,10,11,0.21,405,162,.621,454,7,1165,1644,553,.357,769,1056,5,-2.19,Yale,208,2151,301,.468,452,9,7,18,.732,582,123,2028,377,29,3
350,7,21,-9.75,404,187,.382,566,3,1390,2230,601,.333,981,1246,13,-2.56,Youngstown State,250,2616,355,.440,513,5,12,13,.672,750,107,2801,406,34,7
